1,Sebastien,Tigbaw,52306,Male
2,Salvador,Xinyang,93713,Male
3,Freedman,Priupskiy,57661,Male
4,Cesya,San Sebastian,95450,Female
5,Addie,Guifeng,70723,Female
6,Shanan,Vuzenica,26872,Male
7,Dela,Pembroke,69653,Female
8,Laurene,Souillac,11500,Female
9,Red,Lijiapu,32478,Male
10,Karon,Tong’an,61412,Polygender
11,Salome,Khasht’arrak,43457,Female
12,Sylas,Bilqās,47434,Male
13,Maxie,Tomé,23322,Male
14,Luci,Numazu,97460,Female
15,Frank,Liufu,25557,Female
16,Earlie,Jundiaí,17079,Male
17,Cher,Manika,38051,Agender
18,Paulo,Whitegate,16183,Male
19,Avrit,Megati Kelod,35206,Female
20,Sari,Kireyevsk,31405,Female
21,Noak,Reuleuet,96022,Male
22,Emilee,Lucan,79101,Genderqueer
23,Huey,Jadowniki,65121,Male
24,Adham,Volnovakha,95105,Male
25,Ines,Calibungan,68018,Female
26,Sonnie,Bershet’,40200,Female
27,Pedro,Nangerang,51054,Male
28,Angelita,Pervoural’sk,22890,Female
29,Thia,Zanjān,60997,Female
30,Vikky,Cikondang,36944,Female
31,Sukey,Ballivor,79844,Female
32,Corbett,Tân Châu,68654,Male
33,Hester,Pombos,12437,Female
34,Geralda,Shuangwang,51437,Female
35,Laurette,Snizhne,92666,Female
36,Claudian,Sainte-Adèle,96641,Male
37,Mervin,Setanggor,48247,Male
38,Valery,La Palma,33516,Female
39,Cesar,Tororo,24529,Male
40,Vidovic,Vlorë,37370,Polygender
41,Hana,Hajnówka,31574,Female
42,Fayth,Dolna Banjica,12728,Female
43,Romonda,Mouzáki,82539,Female
44,Meghan,Stare Juchy,48782,Female
45,Angelle,Villa Verde,23540,Female
46,Berti,Nueva Loja,58569,Non-binary
47,Edmund,Kyaiklat,37236,Male
48,Marcile,Ibung,90137,Female
49,Thain,Linëvo,48165,Male
50,Elena,Rumyantsevo,17527,Female
51,Caroljean,Shalang,84292,Female
52,Antonius,Langres,37102,Male
53,Scarlett,Omaha,52957,Female
54,Evanne,Moreno,42894,Female
55,Sherline,Narukan,63758,Female
56,Ursala,Kolambugan,33452,Female
57,Modesty,Margamukti,84352,Female
58,Manda,Águas,14368,Female
59,Giulietta,Baltimore,51105,Female
60,Caryn,Karangpete,85391,Female
61,Tamar,Słupsk,47360,Non-binary
62,Weider,Naha-shi,97216,Male
63,Dorine,Las Palmas,77563,Female
64,Geno,Jardim do Seridó,10139,Male
65,Jason,Ilangay,40725,Male
66,Juana,Sernovodsk,13242,Female
67,Esma,Wujing,85448,Female
68,Lena,Picos,87772,Bigender
69,Lolita,Hartford,92348,Agender
70,Baxy,Colonia Catuete,31455,Male
71,Sunshine,Karagandy,84384,Female
72,Husain,Miaotang,54443,Agender
73,Cash,Samal,45549,Male
74,Niki,Lok,11094,Male
75,Claudell,Bogovarovo,83982,Male
76,Tobey,Al Qanāţir al Khayrīyah,92440,Female
77,Hal,Mjamaoué,16336,Male
78,Karlyn,Spitsevka,12439,Female
79,Dagmar,Budapest,67469,Female
80,Paulie,Al ‘Azīzīyah,88166,Male
81,Horace,Mirów,64382,Male
82,Isaac,São João del Rei,95814,Male
83,Victor,Navais,88101,Male
84,Nickolai,Kosmach,15821,Male
85,Aurora,Lyubertsy,61506,Female
86,Hyatt,Clichy,21418,Male
87,Norrie,Finspång,81418,Genderfluid
88,Wren,Bajo Naranjillo,50181,Female
89,Shell,Awilega,11871,Male
90,Skipper,Syrskoye,47377,Male
91,Izzy,Quesada,91966,Male
92,Fraze,Esuk Oron,86022,Male
93,Niccolo,Jambu,44706,Male
94,Julieta,Dabat,93940,Genderfluid
95,Evered,Jiusi,77879,Male
96,Chancey,Xiaohebian,32415,Male
97,Francis,Donghai,13423,Male
98,Clemente,Xankandi,39142,Male
99,Grange,Emiliano Zapata,48926,Male
100,Cathrine,Nizui,78648,Female
101,Tommie,Tucuran,53800,Male
102,Court,Mashi,22443,Male
103,Lorine,Coolock,28029,Female
104,Jamima,Sychëvo,34987,Female
105,Zaneta,Pulau Pinang,38357,Female
106,Honey,Sanli,22208,Female
107,Remus,Ratnapura,97773,Male
108,Shanta,Buchanan,58948,Female
109,Van,Kawakawa,68364,Male
110,Cam,Wojnicz,53101,Agender
111,Paula,Skiáthos,54270,Female
112,Diann,Ochojno,62595,Female
113,Sandy,Kondangrege,41755,Agender
114,Ninetta,Kapan,91630,Female
115,Meghann,Chaguaramas,64692,Female
116,Carlye,Gaohu,45837,Female
117,Kari,Shengmi,93143,Female
118,Sheeree,Kolbuszowa,80547,Female
119,Tawnya,Olivia,74501,Female
120,Jodee,Papër,46055,Female
121,Ezmeralda,Baing,94624,Female
122,Grayce,Cobre,30294,Female
123,Adele,Weepanapi,27480,Female
124,Renault,Flers,90041,Male
125,Hana,Eisen,14054,Bigender
126,Jacintha,Cañaveral,28335,Female
127,Itch,Macapá,41076,Male
128,Hephzibah,Nova Iguaçu,51565,Female
129,Alidia,Sigeng,61198,Polygender
130,Cassy,Sanjia,96130,Bigender
131,Ancell,La Libertad,23153,Male
132,Petronilla,Rujewa,72691,Female
133,Sigrid,Sangar Sarāy,88491,Female
134,Lezlie,Gargaliánoi,60249,Female
135,Stillman,Zhengyangshan,69782,Male
136,Broddy,Yanwan,84766,Male
137,Marybeth,Shangjie,53494,Female
138,Cathlene,Sumberingin Kulon,59652,Female
139,Rorke,Fengyang,26975,Male
140,Silvain,Catriló,80008,Male
141,Cairistiona,Hukeng,74425,Female
142,Clarette,Rauma,24927,Genderqueer
143,Caldwell,Ostrogozhsk,27042,Male
144,Gretta,Rondonópolis,11054,Female
145,Ellerey,Roseau,25811,Male
146,Guglielma,Bourges,97487,Female
147,Alvin,Bodĭ,26908,Male
148,Karee,Pau,79805,Female
149,Jervis,Caitang,88852,Male
150,Cory,Denton,56744,Male
151,Jabez,Phayao,77019,Male
152,Joannes,La Libertad,28681,Female
153,Ilario,Cárdenas,65353,Male
154,Camilla,Pegongan,74618,Female
155,Chloe,Novo,19277,Agender
156,Keven,Na Chueak,91642,Male
157,Perla,Kigoma,90385,Female
158,Shea,Zhutang,81244,Female
159,Welsh,Gastoúni,53613,Male
160,Gordie,Sulahan,42003,Male
161,Ame,Santa Ana,13103,Female
162,Olga,Kristinestad,98973,Female
163,Gifford,San Juan,70273,Male
164,Lettie,Pankshin,66768,Female
165,Hope,Mang’it Shahri,19492,Female
166,Paddie,Bājitpur,23287,Male
167,Pierre,Lijiapu,33359,Male
168,Jany,Xiaxihao,95841,Female
169,Wenona,Bayangol,96227,Female
170,Bentlee,La Tebaida,54028,Male
171,Kristina,Hongguang,36832,Female
172,Salem,Messejana,44936,Male
173,Stafani,Reforma,56495,Female
174,Gareth,Pamakayo,85524,Male
175,Andree,Cheongsong gun,52310,Female
176,Katha,Danxi,42651,Female
177,Gwendolen,Sadar,58524,Female
178,Staffard,Shido,21054,Male
179,Solomon,Normandin,77127,Male
180,Glynda,Kungsör,53937,Female
181,Doralin,Eha Amufu,19603,Female
182,Reggie,Dauriya,41271,Male
183,Salomone,Sambirata,23235,Male
184,Udale,Chicago,46184,Male
185,Laughton,Boršice,42724,Male
186,Dionis,Dulles,89805,Genderfluid
187,Donall,Balkh,51937,Male
188,Hewet,Pineleng,44845,Male
189,Esteban,Zhuhe,89515,Male
190,Brigitta,Morelos,52708,Female
191,Marni,Lancaster,59365,Female
192,Kelli,Mingyue,52945,Female
193,Maxwell,Bilaran,39757,Male
194,Nataline,Oropesa,56923,Female
195,Haleigh,Rusnė,92041,Non-binary
196,Nancie,Karuk,35617,Female
197,Feliks,Malbork,86567,Male
198,Loree,Ganzi,34198,Female
199,Cooper,Rybno,58116,Male
200,Saunders,Pajoreja,81538,Male
201,Mitchael,Wuluquele,49766,Genderfluid
202,Tabb,Lorraine,93004,Genderqueer
203,Gerald,Yengimahalla,77558,Male
204,Nikita,Tatuí,90210,Male
205,Dom,Santa Helena de Goiás,41096,Bigender
206,Chrisse,Itaocara,72258,Male
207,Stu,Hule,20479,Male
208,Warren,Portela,10835,Male
209,Giselle,Gununglajang,74276,Agender
210,Robb,Kolpny,54275,Genderfluid
211,Kristopher,Humen,69594,Male
212,Erik,Kaya,45618,Bigender
213,Darill,Wulin,85323,Male
214,Ezra,Troitskaya,57822,Male
215,Berget,Bojnik,91747,Non-binary
216,Mariejeanne,Phatthana Nikhom,27290,Female
217,Holly-anne,Baicaogou,50811,Genderfluid
218,Dollie,Ryazanskiy,59549,Female
219,Esme,Jiaozuo,92911,Genderfluid
220,Blancha,Longhe,80229,Female
221,April,Aracruz,85312,Female
222,Aeriel,Ninghai,11170,Female
223,Philomena,Jasper Park Lodge,56976,Female
224,Emmie,Cachachi,10172,Female
225,Dru,Barranqueras,99078,Female
226,Portia,El Paraíso,14507,Female
227,Betsey,Huangdu,56566,Female
228,Humfrid,Armenia,98994,Male
229,Addie,Turets-Bayary,29197,Female
230,Melisa,Dizhai,59754,Female
231,Mervin,Gayabaru,56983,Male
232,Walker,Xinji,42409,Male
233,Francisca,Mandalt,81528,Female
234,Broderic,Waco,46512,Male
235,Thomasin,Darungan,51253,Female
236,Lucias,Łomianki,32560,Bigender
237,Jaquelyn,Pretana,89456,Female
238,Dael,Xinwan,59666,Female
239,Pietra,Municipio de Copacabana,67467,Female
240,Isidora,Morales,63432,Female
241,Jorgan,Oleksandriya,21533,Non-binary
242,Shermie,Yasothon,72078,Polygender
243,Merrili,Bantarjati,74952,Female
244,Brewer,Sadar Bazar,42066,Male
245,Leeland,Utena,59506,Male
246,Cathe,Kafr Dān,54922,Female
247,Webster,Ambatolaona,14821,Male
248,Carson,Nice,66299,Male
249,Celene,Amiens,81335,Female
250,Arly,Ḩajjah,73131,Female
251,Phyllis,Konsoy,85565,Female
252,Adda,Tiflet,44341,Female
253,Chester,Kotli Lohārān,21614,Male
254,Philbert,Calbuco,95128,Male
255,Micki,N'Djamena,53361,Genderfluid
256,Durante,Kozelets’,38797,Male
257,Erika,Sa Pá,61777,Female
258,Chaunce,Foundiougne,18086,Male
259,Tricia,Galleh Manda,58237,Female
260,Bob,Lago da Pedra,21646,Genderfluid
261,Katharina,Za‘tarah,84750,Female
262,Glyn,Asaka,15975,Female
263,Ethelbert,Oetutulul,53957,Male
264,Algernon,San Antonio,88201,Male
265,Marcos,Corrego Grande,36635,Male
266,Raimundo,Longmen,33106,Male
267,Fidelia,Verenchanka,49309,Female
268,Rhona,Santiago del Estero,24087,Female
269,Adrianna,Nuevo Emperador,24780,Female
270,Lyda,Huo’erqi,19670,Female
271,Reinhold,Rabah,73600,Male
272,Darbee,Panitian,47448,Male
273,Jonathon,Rongwo,73202,Male
274,Deonne,Khulna,26036,Female
275,Violante,Văn Điển,59646,Female
276,Merilee,Halayhay,50846,Female
277,Venus,Taozhou,65714,Female
278,Camel,Magang,30690,Female
279,Sutherlan,Nantes,12490,Male
280,Marrilee,Miches,11396,Female
281,Patton,Wenquan,70238,Male
282,Shanta,Waterbury,62395,Female
283,Harper,Phalaborwa,14013,Male
284,Dolores,Huayuan,21789,Female
285,Huntley,Cipasung,44618,Male
286,Murdock,Sukošan,72081,Genderfluid
287,Kenyon,Siilinjärvi,47740,Male
288,Yorke,Ust’-Dzheguta,65141,Male
289,Kalinda,Chongqing,75027,Female
290,Marji,Thomazeau,80766,Female
291,Sianna,El Rosario,74361,Genderfluid
292,Sioux,Aihua,97834,Female
293,Hilarius,Baru,49751,Male
294,Lyman,Tangwang,49803,Male
295,York,Guojiazhuang,42982,Male
296,Wakefield,Tamatam,46945,Male
297,Carolyne,Pil’na,41300,Female
298,Goldina,Cedar Rapids,92915,Female
299,Eb,Mačkovec,24999,Male
300,Odell,Hobart,51965,Male
301,Izak,Xindu,82707,Male
302,Hallsy,Sepit,69202,Male
303,Flossy,Morón,35832,Female
304,Giordano,Na Di,71736,Male
305,Priscella,Oudtshoorn,53053,Female
306,Slade,Tournai,81663,Male
307,El,Wielka Nieszawka,92781,Male
308,Fergus,Cabreúva,19304,Male
309,Kelbee,Vitim,62044,Male
310,Farly,Paris 15,14758,Male
311,Loleta,Dongjie,88728,Female
312,Arie,Yanshou,37205,Agender
313,Bianka,Long Hồ,47933,Genderqueer
314,Tobe,Moussoro,30774,Male
315,Cornelle,Luocun,10488,Female
316,Maurits,Karasgede,96016,Male
317,Ilyse,Takanosu,81358,Female
318,Ardella,Borabue,19004,Female
319,Erhart,Butwāl,42308,Male
320,Forbes,Sangesi,10066,Male
321,Brendan,Kedrovyy,82043,Male
322,Heida,La Fortuna,29817,Female
323,Levon,Woro,14743,Agender
324,Titos,Banjar Pasekan,78306,Male
325,Ronalda,Bularit,59933,Female
326,Sissie,Verkhniye Achaluki,45859,Female
327,Wandis,Ḥurfeish,34765,Female
328,Lisette,Seltjarnarnes,14894,Female
329,Elianora,Wuxi,19421,Genderqueer
330,Zane,Otradnoye,52441,Male
331,Merrel,Chunhua,73019,Male
332,Ted,Saint-Dizier,11275,Male
333,Pandora,Yirga ‘Alem,13488,Female
334,Creight,Pilar,47785,Male
335,Saunder,Dar Chabanne,70449,Male
336,Herold,Cibitungmasjid,23252,Agender
337,Jennifer,Kuala Terengganu,59158,Female
338,Euell,Kolambugan,35019,Male
339,Blisse,Manghit,67737,Female
340,Berty,El Retorno,32933,Female
341,Raddy,Klek,32200,Male
342,Roderick,Xumai,66554,Male
343,Ardyce,Laúndos,37675,Female
344,Redford,Kupino,27696,Genderfluid
345,Godwin,Tamanar,79499,Male
346,Murray,Sinhyeon,81107,Genderfluid
347,Joseito,Carmen,81315,Male
348,Inglis,Zliv,35620,Male
349,Dominik,Xidajie,86073,Male
350,Nelia,Flandes,78827,Female
351,Stephie,Hīt,65822,Female
352,Peirce,Girijaya,22361,Genderfluid
353,Hermina,Seydi,27557,Female
354,Alexina,Achoma,64641,Female
355,Horst,Alilem,93854,Male
356,Welbie,Prokhladnyy,86817,Male
357,Cosette,Yujia,17446,Female
358,Mireille,Budziszewice,35017,Female
359,Travus,Kapyl’,48961,Male
360,Swen,Mudanjiang,86027,Male
361,Lennard,Vulcan,78904,Male
362,Richie,Krasnofarfornyy,69923,Male
363,Patric,Khafizan,62655,Male
364,Pris,Chum Phae,64843,Female
365,Findlay,Nelazskoye,24890,Male
366,Pembroke,Ruixi,20122,Male
367,Trumaine,Krasnyye Barrikady,60838,Male
368,Bone,Sulitair,31255,Male
369,Mylo,Karatau,14661,Male
370,Marwin,Danauparis,91170,Male
371,Devlin,Shāzand,52806,Male
372,Chaunce,Garland,86251,Male
373,Boonie,El Potrero,56312,Male
374,Maurits,Ruangwa,80501,Male
375,Karee,Kijang,75175,Female
376,Garvey,Dazhipo,65731,Non-binary
377,Terrijo,Třemošnice,61211,Female
378,Addi,Daguyun,55171,Female
379,Marlo,Yaoundé,18459,Male
380,Cullin,Hujiaying,69733,Male
381,Walden,Bilian,79361,Male
382,Evangelina,Lakatnik,79326,Female
383,Gladi,Repušnica,97872,Female
384,Zachariah,Jiamiao,35900,Male
385,Laurella,Jangdam,26044,Female
386,Sofia,Minbu,48918,Bigender
387,Rhianon,La Caya,69019,Polygender
388,Jackie,Água de Pau,17209,Male
389,Evvie,Santa Ana,60296,Female
390,Diego,Paldit,77592,Male
391,Tildie,Moscow,66479,Agender
392,Melisent,Huantuo,20956,Female
393,Farrah,Osvaldo Cruz,18053,Female
394,Mehetabel,Kanoya,93542,Female
395,Padgett,Aubervilliers,36323,Male
396,Cornela,Solna,83411,Agender
397,Paulo,Chocz,45350,Male
398,Nathalie,Sel’tso,57138,Female
399,Jamie,Athi River,81101,Female
400,Emanuele,Médanos,83554,Male
401,Dianne,Tangzha,12888,Female
402,Clarisse,Jiamaogong,71085,Female
403,Laetitia,Kafr Qūd,93546,Genderqueer
404,Natalee,Vynohradivka,39003,Female
405,Duke,Tuzhu,38589,Male
406,Husain,Anáfi,50314,Male
407,Gabie,Daba,82152,Female
408,Staford,Lasehao,38986,Male
409,Westbrooke,Dusun Desa Bunter,69574,Male
410,Florrie,Tangchi,76948,Female
411,Rory,Coté-Lai,12353,Male
412,Odell,Cusapín,43995,Male
413,Cindee,Kukurečani,39724,Female
414,Torre,Hendījān,53642,Male
415,Odie,Longonjo,78988,Male
416,Noble,Néa Manolás,24291,Male
417,Blakelee,Aizhai,42784,Female
418,Alden,Sawahan,71835,Male
419,Galvan,Dongqinggou,16627,Male
420,Bartlett,Pante Raja,52147,Male
421,Teddie,Zhitan,49745,Female
422,Carma,Paujiles,58561,Female
423,Corry,Beizhuang,84541,Female
424,Tybie,Hantsport,91725,Female
425,Cathie,Maloarkhangel’sk,22071,Non-binary
426,Jordan,Bobrov,92938,Male
427,Torrance,Sukacai,81894,Male
428,Hanan,Pittsburgh,98632,Male
429,Gabe,Qianjin,21038,Male
430,Brigid,Stepanovićevo,90315,Female
431,Tuck,Ponte,87020,Male
432,Ilse,Chinchaypujio,81815,Female
433,Evangelina,Radišići,46871,Female
434,Lexy,A dos Negros,26676,Female
435,Bogey,Lintan Chengguanzhen,81437,Male
436,Cherie,Las Flores,10819,Female
437,Chariot,Apucarana,63854,Male
438,Shanda,Neochóri,26157,Female
439,Berty,San Esteban,50984,Male
440,Bamby,Krousón,70897,Female
441,Rey,Golovchino,17343,Female
442,Lev,Žamberk,56579,Male
443,Rozanne,Keruguya,82473,Bigender
444,Alina,Fangbu,52452,Female
445,Duncan,Taranovskoye,17971,Male
446,Carmen,Крива Паланка,74355,Female
447,Cordi,Jalatrang,23691,Female
448,Ray,Choco,77967,Male
449,Aldus,Hòa Bình,26358,Male
450,Nadya,Lyamino,98279,Female
451,Tore,Shantoudian,30796,Male
452,Jamey,Longju,34675,Male
453,Emerson,Chenzhou,14376,Male
454,Fernandina,Qal‘ah-ye Shāhī,90589,Female
455,Ernesto,Pasonobenu,22397,Male
456,Leah,Xintun,71717,Female
457,Zea,Dasol,84593,Female
458,Jephthah,Madalum,39879,Male
459,Rosalind,Columbia,27102,Female
460,Latrena,Niaohe,38726,Bigender
461,Nikolia,Tuntum,84006,Female
462,Cammy,Cantapoy,29151,Female
463,Ulrikaumeko,Vilhelmina,31754,Female
464,Susanne,La Gomera,43821,Female
465,Jabez,Phaya Thai,27072,Male
466,Isidoro,Chishui,79094,Male
467,Sebastian,Sandweiler,51920,Male
468,Eimile,Macaíba,97028,Female
469,Gabriella,Hualongyan,95782,Female
470,Ollie,Gostynin,85907,Female
471,Marris,København,88821,Female
472,Elberta,El Carmen,84607,Female
473,Neil,Santiago,45829,Male
474,Hyacinth,Hong’an,29083,Female
475,Dalli,Dikwa,22919,Bigender
476,Cristobal,Kalá Déndra,58743,Male
477,Brina,Muquiyauyo,81552,Female
478,Roz,Anta,40131,Female
479,Nikaniki,Borås,53317,Female
480,Paola,Hồ Xá,87039,Female
481,Chloette,Changfeng,67631,Female
482,Diena,Zhentou,67290,Genderqueer
483,Wilhelmina,Sokhumi,30536,Female
484,Ulberto,Dayr Dibwān,27901,Bigender
485,Christal,São Pedro,69838,Female
486,Mischa,Sukasirna,57954,Male
487,Brewer,Zakliczyn,62237,Male
488,Nikolaus,Gualeguay,19412,Male
489,Jobey,Donglu,15535,Female
490,Marice,Xiaoweizhai,59761,Female
491,Sissie,Liaozhong,57368,Female
492,Franciska,Nishi-Tokyo-shi,89889,Female
493,Jayne,Rozhdestveno,41375,Female
494,Aviva,Wenqiao,48377,Female
495,Krystalle,Göteborg,76520,Female
496,Ludwig,Nowe Miasto,45665,Male
497,Sherwood,Brondong,51091,Male
498,Bobby,Linares,51473,Female
499,Arly,Sumberbaru,47580,Female
500,Audrey,Linjiang,58050,Female
501,Barbi,Bourges,26242,Female
502,Irma,Longyearbyen,30407,Female
503,Kory,Revolucion,81404,Male
504,Hedi,Galis Dua,88363,Female
505,Lelah,Podgornaya,95635,Female
506,Correna,Neepawa,37384,Polygender
507,Lilllie,Hitura,76212,Female
508,Felicia,Ban Phai,99731,Female
509,Happy,Ukhta,79030,Female
510,Olenka,Pasrūr,10936,Female
511,Felita,Wailolong,96725,Female
512,Keelia,Limmared,65631,Female
513,Daloris,København,84070,Bigender
514,Nickolai,Ongjin,61210,Male
515,Art,Rautalampi,70881,Male
516,Spencer,Melville,88009,Male
517,Liv,Akat Amnuai,85795,Female
518,Natividad,Trelleborg,42265,Non-binary
519,Barry,Zākhū,69134,Male
520,Claretta,Bezerros,84027,Female
521,Cris,Crateús,37351,Male
522,Morna,Osiek,53394,Female
523,Abbey,Tancheng,60778,Male
524,Thornie,Talagante,13713,Male
525,Jerrold,Laiguangying,11005,Male
526,June,Yinji,82106,Female
527,Eamon,Dinaig,76585,Male
528,Mirabel,Naga,17330,Female
529,Latia,São Francisco do Conde,86778,Female
530,Thibaud,Sangkalputung,35236,Male
531,Bidget,Qinghe,85390,Female
532,Hendrik,Cubatão,47621,Male
533,Wainwright,Kalmunai,45447,Male
534,Rossy,Baiquesi,52101,Male
535,Artemis,Ban Houayxay,65188,Male
536,Evyn,Bouabout,90991,Agender
537,Burg,Presidente Epitácio,57972,Male
538,Rosalie,Dongchuan,70673,Female
539,Standford,Voyutychi,71686,Male
540,Tobit,Irapa,76566,Male
541,Berna,Daguma,55615,Female
542,Oralla,New Leyte,96112,Bigender
543,Sheridan,Besao,62851,Male
544,Sonja,Schaan,80947,Female
545,Tuck,Zhongbao,51099,Genderfluid
546,Mead,Koupéla,53744,Female
547,Harwell,Blumbang,61679,Male
548,Blythe,Tha Ruea,24547,Female
549,Glen,Olbramovice,93024,Female
550,Amii,San José de Comayagua,91163,Female
551,Ramsay,San Rafael del Sur,19158,Male
552,Phylys,Chicama,23612,Female
553,Dallas,Colcabamba,21310,Male
554,Olvan,Przelewice,47616,Male
555,Greggory,Bantilan,34094,Male
556,Patty,Haixing,86001,Male
557,Romeo,Gobernador Gálvez,36230,Male
558,Cornelius,Vaggeryd,57200,Male
559,Merrill,Rosso,73068,Male
560,Helen-elizabeth,Belmullet,99672,Genderfluid
561,Lombard,Addiet Canna,85541,Male
562,Tim,Roudnice nad Labem,18520,Male
563,Conan,San Jose Village,60424,Male
564,Otho,Shibata,76500,Male
565,Baxie,Korsun’-Shevchenkivs’kyy,41081,Non-binary
566,Skyler,Jihlava,36173,Male
567,Adore,Itsandra,54761,Female
568,Jozef,Yantang,51645,Male
569,Xavier,Nasīrābād,30911,Male
570,Bradly,Akashi,49948,Polygender
571,Lotte,Omīdcheh,45021,Bigender
572,Agustin,Molinos,49544,Male
573,Brade,Bueng Kum,71491,Male
574,Teresina,Rionegro,79437,Female
575,Matthiew,Campok,51816,Male
576,Harman,Jardin,34985,Male
577,Feodor,Sandaowan,89009,Male
578,Baxie,Fuding,96122,Male
579,Kellia,Neiafu,24979,Female
580,Lynda,Zougang,60891,Female
581,Dewie,Zaječov,43849,Male
582,Harmony,La Esperanza,37050,Female
583,Dugald,Guangli,15607,Male
584,Abraham,Mengxi,15153,Male
585,Marya,Huanggang,79237,Female
586,Sadella,Tours,72086,Female
587,Consolata,Siraway,56787,Female
588,Sarah,Krajan Karanganyar,26322,Female
589,Emmy,Gilowice,99577,Female
590,Silvano,Kitāf,77432,Male
591,Pen,Guyam Malaki,59444,Male
592,Tiffie,Krasna,70096,Female
593,Shauna,Hamburg Winterhude,45409,Female
594,Quentin,George Town,19444,Female
595,Aarika,Hejiang,51219,Female
596,Darb,Pau,81348,Male
597,Berke,Priboj,97219,Male
598,Mateo,Hekou,46634,Male
599,Sharl,Isaka,42628,Female
600,Ange,Francisco Beltrão,57742,Male
601,Filip,Santiago,19499,Male
602,Derry,Dongjiao,45310,Male
603,Alphonse,Zhajin,69013,Polygender
604,Caitrin,Cauayan,11319,Female
605,Gamaliel,Wuyanquan,88412,Male
606,Osbert,Purwokerto,38607,Male
607,Bartholomew,Huchang,33885,Male
608,Stillman,Bandar-e ‘Asalūyeh,84494,Male
609,Kelsey,Goúrnes,23960,Female
610,Billy,Otyniya,15814,Polygender
611,Susanetta,Chang’an,63857,Female
612,Corrinne,Villa Ángela,43915,Genderfluid
613,Bobinette,Chumphon Buri,56792,Female
614,Sydel,Quintela,55512,Female
615,Lynnea,Zhoushan,85735,Agender
616,Winfred,Sobhādero,51338,Genderfluid
617,Cathee,Sasolburg,92261,Female
618,Ganny,Legrada,26777,Male
619,Keene,Kodyma,99199,Male
620,Shanna,Nagornyy,21618,Female
621,Boot,Mchinji,50113,Male
622,Susanna,Sembung,37483,Female
623,Becka,Solna,19030,Female
624,Jacynth,Labinot-Mal,93543,Female
625,Quinton,Bambang,26159,Male
626,Ossie,Kapatagan,98174,Male
627,Craggie,Dindima,61274,Bigender
628,Roselle,Taganskiy,34162,Female
629,Carlie,Kushchëvskaya,14776,Female
630,Raddy,Poroj,10070,Non-binary
631,Cosette,Радовиш,76441,Bigender
632,Carie,Leopoldina,88621,Female
633,Melessa,Bungbulang,60466,Female
634,Augustine,Francisco I Madero,94584,Genderqueer
635,Bethanne,Kristinehamn,81171,Agender
636,Fraser,Pregradnoye,26387,Male
637,Merrily,Dzhalilabad,78707,Female
638,Ceil,Undurkhaan,58613,Female
639,Ely,Babakansari,49149,Male
640,Woodie,Sinajana Village,30101,Male
641,Katrinka,Jiufeng,26675,Female
642,Brana,Butel,94849,Female
643,Vida,Turt,87080,Female
644,Debra,Nové Město nad Metují,76532,Genderfluid
645,Roseann,Sāh,86864,Female
646,Allen,Admiralteisky,97925,Male
647,Enriqueta,Dula’er Ewenke Minzu,56389,Female
648,Derrick,General Alvear,40144,Male
649,Monti,Prestea,58298,Male
650,Chancey,Zhoujiadian,31324,Male
651,Franni,Lauro de Freitas,78606,Female
652,Ibbie,Xinan,95134,Female
653,Cherie,Jammāl,72203,Female
654,Thornie,Cocabamba,97260,Male
655,Anatol,Fukushima-shi,30558,Male
656,Ethan,Volosovo,87061,Male
657,Sherwin,Piribebuy,52878,Male
658,Caesar,La Cumbre,15961,Male
659,Garwin,Kovdor,10972,Genderqueer
660,Myriam,Lexington,83408,Agender
661,Gallard,Karlstad,15676,Male
662,Luz,Snizhne,12277,Female
663,Elnore,Balfour,11061,Female
664,Ramsey,Paço,42286,Male
665,Zola,Panjiawan,47733,Female
666,Faustina,Aegela,32003,Female
667,Stephana,Gumel,98471,Female
668,Amble,Vila Verde,89201,Male
669,Constantino,Kertayuga,87047,Male
670,Moina,Ínfias,24104,Female
671,Shanon,Quemú Quemú,40324,Female
672,Claybourne,Kebon,66696,Male
673,Hercules,Uruçuca,79586,Male
674,Andi,Yong’an,56224,Female
675,Dur,Kadudampit,72468,Male
676,Rubi,Calizo,28078,Female
677,Piggy,Radziszów,63318,Male
678,Franky,Bolderaja,11090,Male
679,Noreen,Kayes,72107,Female
680,Merry,Bondo,46633,Male
681,Kristo,Storvreta,73888,Male
682,Maddie,Mokotów,71747,Genderfluid
683,Demetria,Boden,54332,Female
684,Gradey,Tartu,83000,Male
685,Andris,Marcabal,65171,Male
686,Desi,Labinot-Mal,89664,Male
687,Ara,Geji,30530,Female
688,Boothe,Catalão,70828,Male
689,Forrest,Kurów,56437,Male
690,Shelba,Corticeiro de Baixo,41918,Female
691,Valentin,Nyakhachava,71718,Male
692,Tamiko,Oktyabr’skiy,75621,Female
693,Brenda,Pijao,21087,Female
694,Prisca,Mucumpiz,36543,Female
695,Alethea,Wasagu,39715,Female
696,Leanor,Laem Sing,16487,Female
697,Clemens,Talu,54647,Male
698,Bonnie,Rokietnica,83983,Female
699,Guido,Žďár nad Sázavou,49913,Male
700,Arlana,Gegernoong,67000,Polygender
701,Erika,Ayrihuanca,97857,Female
702,Pippo,Pontarlier,74410,Bigender
703,Caren,Lazaro Cardenas,88341,Female
704,Clarice,Bokor,98585,Female
705,Gretel,Janagdong,17297,Female
706,Gusti,Hamilton,27274,Female
707,Prent,Ovacik,70754,Male
708,Corinne,Kumla,17471,Female
709,Dianne,Ladário,16110,Female
710,Enid,Linshe,62713,Female
711,Eugine,La Jagua de Ibirico,47401,Female
712,Jane,Semypolky,65776,Female
713,Theobald,Muonio,51678,Male
714,Frederico,Champaign,18649,Male
715,Joeann,Thākurgaon,52295,Female
716,Tabor,Isakly,15505,Genderfluid
717,Dene,Thio,54317,Male
718,Terrill,San Agustín Acasaguastlán,84184,Male
719,Gerri,Iguape,42122,Male
720,Vicki,Pembroke,64518,Female
721,Nanice,Bauru,92574,Female
722,Garwin,Tours,93682,Male
723,Thaddeus,Ţūbās,41762,Male
724,Russell,Makbon,71713,Male
725,Dari,Matou,23818,Agender
726,Marijo,København,83398,Female
727,Grange,Jinjiang,31331,Male
728,Nichols,Kebon,56321,Male
729,Arney,Sampacho,26453,Male
730,Wilie,Dulyapino,33156,Female
731,Redford,Tajinan,36495,Male
732,Dulcy,San Antonio Huista,69531,Female
733,Rad,Almere Haven,69733,Male
734,Anabel,Larangan,30666,Female
735,Dawn,Phú Túc,97498,Female
736,Breena,Agago,17571,Female
737,Delmor,Lixu,52784,Male
738,Quent,Al Madīd,60813,Male
739,Bertram,Lumbac,49590,Male
740,Sibylle,Port Louis,12557,Female
741,Raimund,Fuxing,12278,Male
742,Essa,Nantes,80699,Genderqueer
743,Nelli,Meilin,82237,Genderfluid
744,Tobye,Dhankutā,76947,Non-binary
745,Rozina,Madrid,15829,Female
746,Vivie,Pinglin,63045,Female
747,Demetre,Baklashi,99767,Male
748,Car,Lajeosa do Mondego,63239,Male
749,Vito,Juan N Alvarez,92331,Male
750,Mack,Shaxi,95510,Male
751,Cristabel,Bolkhov,33439,Female
752,Leann,Houmt Souk,17069,Female
753,Ward,Melita,65346,Male
754,Carine,Västra Frölunda,49467,Female
755,Gaelan,Sadkowice,40141,Male
756,Pepita,Jojoima,63500,Female
757,Wallis,Murindó,36512,Male
758,Aube,Vilar do Monte,41799,Non-binary
759,Mignonne,Noyemberyan,63532,Female
760,Dayna,Tianxingchang,19329,Female
761,Keeley,Veles,84713,Female
762,Ada,Gueset,88488,Female
763,Alyssa,Angkimang,12268,Female
764,Filbert,Yuguan,61047,Male
765,Les,Primorsko,95353,Male
766,Renaud,Plyussa,65492,Male
767,Cordula,Pakong,14604,Female
768,Garry,Gaoping,72478,Male
769,Anetta,Tirmiz,70082,Female
770,Ross,Kunshan,33919,Male
771,Cully,Zombo,43056,Male
772,Morly,Tangjian,39109,Male
773,Kissie,Góis,71860,Female
774,Gusty,Pliska,39445,Female
775,Tab,Bánica,76695,Male
776,Kinnie,Merik,77664,Male
777,Cate,Shangyang,15416,Non-binary
778,Coleen,Ma‘lūlā,87800,Female
779,Shurlock,Cheremshan,17509,Male
780,Dorena,Tanjung,49042,Female
781,Foss,Miaoyu,11177,Male
782,Damara,Markaz-e Ḩukūmat-e Darwēshān,91321,Female
783,Thurstan,Duluth,99961,Male
784,Ruby,Bronx,61739,Female
785,Joceline,Tai’an,53036,Female
786,Claybourne,Rudnogorsk,10800,Male
787,Casandra,Itagüí,65232,Female
788,Dulcine,Petřvald,80458,Female
789,Jeth,Summerside,92904,Male
790,Alma,Bakung,64453,Female
791,Judye,Eschweiler,98566,Female
792,Nikkie,Herrljunga,46725,Female
793,Gratiana,Imaichi,96000,Female
794,Mattie,La Unión,73733,Female
795,Magdalene,Mulhouse,68879,Genderfluid
796,Rouvin,Kelin,96233,Male
797,Dorian,Thio,89983,Male
798,Radcliffe,Kaniv,50854,Male
799,Tucky,Hanting,67634,Male
800,Morganne,Mrzeżyno,37605,Female
801,Cinnamon,Guzhu,43320,Female
802,Artie,Stanari,31265,Male
803,Hanson,Monastyrshchina,53370,Male
804,Shirley,Mramani,40231,Female
805,Devin,Cigaleuh Kulon,90566,Genderqueer
806,Joyann,Gongxi,50535,Female
807,Merilee,Tlogowetan,46470,Female
808,Godard,Jandir,18555,Male
809,Wes,Lukovica pri Domžalah,87323,Male
810,Bartlet,Faqqū‘ah,17293,Male
811,Brett,Orocué,82691,Male
812,Floyd,Arras,54757,Male
813,Clementia,Pesochnoye,66267,Female
814,Chev,Novorossiysk,41620,Male
815,Cristobal,Paris 02,53510,Male
816,Walther,Takefu,36214,Male
817,Nickie,Gampingan,89802,Male
818,Adolph,Timahankrajan,58461,Male
819,Marijo,Maoping,64983,Female
820,Jedediah,Gävle,21705,Male
821,Christian,Kebonjaya,42971,Male
822,Orel,Ciketak,54554,Female
823,Reuben,Kävlinge,77061,Male
824,Alethea,Banjar Sandinggianyar,92043,Female
825,Roch,Yangyong,45375,Female
826,Foster,Borås,10550,Male
827,Cordell,Al ‘Alamayn,89752,Male
828,Guy,Neuilly-sur-Seine,81680,Bigender
829,Elie,Vynohradiv,67887,Female
830,Gualterio,Faḩmah,99304,Male
831,Waylin,Yishui,14757,Male
832,Ermanno,Quezalguaque,53211,Male
833,Georgetta,Astromil,47179,Female
834,Lorri,Xiaopingba,26750,Female
835,Sherman,Bagombong,29901,Male
836,Evelin,Leuwihalang,15859,Male
837,Myrlene,Taiping,68383,Female
838,Abey,Tayginka,54684,Male
839,Rosemonde,Tan-Tan,73442,Female
840,Edvard,Crespo,93505,Male
841,Fidel,Nantou,55984,Male
842,Lida,Mississauga,28719,Female
843,Romola,Lipno,65541,Female
844,Benton,Kitakyūshū,88896,Male
845,Alic,Yichun,46605,Male
846,Hillery,Latowicz,93038,Male
847,Bernette,Priyutovo,20201,Female
848,Brana,Rubik,19650,Female
849,Moyra,Pirapozinho,68311,Female
850,Paulo,Besançon,93583,Male
851,Katrina,Jieheshi,80010,Female
852,Sandie,Guarabira,13432,Female
853,Francklin,Proletar,48819,Male
854,Georgette,Dobryanka,23205,Female
855,Angel,Sobeok,12236,Female
856,Boy,Verkhniye Osel’ki,58117,Male
857,Winne,Linglong,70859,Female
858,Gae,Caigangan,72196,Female
859,Lothaire,Sobreda,91671,Male
860,Camel,Kandy,72683,Female
861,Laurent,Małkinia Górna,79568,Male
862,Melina,Bitung,92563,Female
863,George,Matmata,68237,Male
864,Bradly,Mondokan,57832,Male
865,Ado,Pawitan,20161,Male
866,Chucho,Burgos,31267,Male
867,Coral,Bryansk,68402,Female
868,Wadsworth,Allen,24744,Male
869,Griselda,Pribrezhnyy,99498,Female
870,Annmaria,Borgo Maggiore,89302,Female
871,Glenn,Chacarita,36092,Female
872,Isidore,Tomé Açu,34840,Male
873,Aubrey,Shuiting,47564,Female
874,Alicea,Guanshan,85594,Non-binary
875,Rachel,El Hajeb,18629,Female
876,Sly,Ballitoville,98342,Bigender
877,Cherye,Brovary,12290,Female
878,Cirillo,Bāfq,36001,Male
879,Worth,Cañete,33033,Male
880,Emmeline,Macamic,43177,Female
881,Lorens,Mimbaan Timur,94613,Male
882,Corrie,Dongfeng,52396,Female
883,Horton,Paombong,50024,Male
884,Clarance,Haebaru,55809,Male
885,Ileana,Weizhou,37431,Polygender
886,Livvyy,Dąbrowa,46098,Female
887,Oswald,Sainte-Agathe-des-Monts,84321,Male
888,Tuesday,Staraya Stanitsa,63271,Female
889,Xylia,Bang Ban,81058,Female
890,Michael,Pinggirsari,32686,Male
891,Alvinia,Daitōchō,31572,Female
892,Far,Shibukawa,72650,Male
893,Dannie,Quatro Barras,48631,Male
894,Wright,‘Eilabun,21315,Male
895,Gardy,Manika,28683,Male
896,Leonidas,Fengqiao,45457,Male
897,Eran,Yotala,35922,Female
898,Jeramie,Akademgorodok,77681,Male
899,Aimil,Orkney,18631,Bigender
900,Waly,Rey,23290,Female
901,Glynnis,Souillac,56725,Female
902,Armand,Venda Nova,14865,Male
903,Joseito,Ayotupas,55670,Male
904,Gabby,Padangcermin,93582,Male
905,Darrin,Prigrevica,67011,Male
906,Kalie,Kosonsoy Shahri,82499,Female
907,Ruddy,Mirsíni,53991,Male
908,Hartley,Tawau,86545,Male
909,Saba,Pomerode,74723,Female
910,Rozanne,Yanwukou,53226,Genderqueer
911,Pace,Launceston,19548,Male
912,Jorey,Quận Bốn,45091,Female
913,Patricia,Santo Amaro,69294,Female
914,Vasilis,Nenagh,11373,Male
915,Gardner,Boulogne-Billancourt,30231,Male
916,Evered,Bolyarovo,53590,Male
917,Wynne,Kālia,62074,Female
918,Selina,Rosário do Sul,31333,Female
919,Pierette,Hat Yai,92524,Female
920,Willem,Chenda,87582,Male
921,Derry,Santo Domingo,61057,Male
922,Merissa,Vuka,52592,Female
923,Riccardo,Shimen,66688,Male
924,Nola,Tiancheng,41284,Female
925,Mathe,Nijmegen,53032,Male
926,Leone,Les Abymes,99359,Female
927,Emmett,Calibungan,58184,Male
928,Horst,Las Lajas,24484,Male
929,Adolphus,Desakolot,16017,Male
930,Roland,Sumusţā as Sulţānī,17351,Male
931,Gerek,Yimnón,90182,Male
932,Sherlock,Kapunduk,90572,Male
933,Alain,Pouzauges,25102,Male
934,Leslie,Manturovo,46210,Male
935,Frederigo,Kamenný Přívoz,35589,Male
936,Faythe,San Diego,68741,Female
937,Salomone,Shuangmiaojie,30223,Male
938,Woodie,Corcuera,67120,Male
939,Hallie,El Calvario,74086,Female
940,Carlotta,Kampen (Overijssel),85123,Female
941,Marley,Višnjevac,55605,Female
942,Eileen,Saky,42875,Female
943,Blaine,Amieirinha,55686,Male
944,Georgina,Nanjing,25845,Genderfluid
945,Carmelita,Limoncito,69429,Female
946,Leonerd,Cimara,45074,Male
947,Ki,Shpola,37832,Female
948,Josefa,Salgado,84500,Female
949,Wesley,Na Muen,15916,Male
950,Clovis,Kuala Lumpur,55360,Female
951,Marshal,Lukou,62896,Male
952,Gerhard,Wulan Haye,12489,Male
953,Ferdy,Stanovoye,29732,Male
954,Sheena,Air Bangis,96655,Female
955,Cyndia,Forbach,10084,Female
956,Chad,San José de Cusmapa,65186,Male
957,Gail,Mulhouse,88736,Male
958,Madlin,Le Perreux-sur-Marne,91184,Female
959,Cly,San Manuel Chaparrón,35750,Male
960,Darby,Ivanava,39457,Male
961,Andree,Angra do Heroísmo,55065,Female
962,Stacey,La Tuque,36016,Female
963,Ailey,Luzhuangzi,93973,Female
964,Analiese,Plataran,40374,Female
965,Aili,Vityazevo,85111,Female
966,Jeannette,Pisan,99584,Female
967,Tabby,Caruaru,11168,Male
968,Dot,Wanareja,76878,Female
969,Marc,Laventille,43651,Male
970,Clemence,Sayaq,19500,Female
971,Tedi,Sibiti,34220,Female
972,Aloisia,Lattes,15004,Female
973,Fidelity,Klagen,79125,Female
974,Rudolph,Frederiksberg,99048,Bigender
975,Shanan,Ilhabela,63845,Male
976,Rube,Andong,30481,Male
977,Ariel,Keluke,53809,Female
978,Sloane,Santiago,27115,Male
979,Tedda,Suisan,14873,Genderfluid
980,Sergeant,Järna,67469,Male
981,Clarine,Saint Louis,78556,Female
982,Adrien,Lampitak,10056,Male
983,Ferdinanda,Cabatuan,66350,Female
984,Sybyl,Semirara,59880,Female
985,Marty,Baoshan,67903,Male
986,Marylou,Villa La Angostura,67787,Female
987,Desiree,Johor Bahru,59829,Female
988,Debora,Drobin,39781,Female
989,Chad,Mendi,96271,Male
990,Federico,Luleå,85321,Genderqueer
991,Corena,Puyang,43963,Female
992,Mortimer,Gainesville,97357,Male
993,Brendon,Ragay,41801,Male
994,Collete,Edineţ,15018,Bigender
995,Elysia,Qingxi,35486,Female
996,Isahella,Croix,82331,Female
997,Kellby,Calvário,66953,Male
998,Letty,Vnorovy,95469,Agender
999,Niven,Tilburg,89283,Male
1000,Arie,Camabatela,94732,Male
